,F1-Score,Recall,Precision,Accuracy
One Hot Encoder,0.9294117647058823,0.9518072289156626,0.9080459770114943,0.9281437125748503
Bag of Words,0.923076923076923,0.9397590361445783,0.9069767441860465,0.9221556886227545
TFIDF,0.8280254777070063,0.7831325301204819,0.8783783783783784,0.8383233532934131
